id;first_name;last_name;password;last_active;status;created_by;created_at;updated_by;updated_at;email;is_deleted;email_verified;provider;email_verification_token;forgot_password_token
1;Mya;Greenholt;Direct Vermont Field;2023-05-08T15:26:53;payment methodologies Applications;59823;2023-05-08T11:14:26;64419;2023-05-08T10:57:27;Royal.Bergnaum35@gmail.com;true;true;deposit compress convergence;../fake-data/blob/hipster.txt;../fake-data/blob/hipster.txt
2;Eliza;Monahan;programming Texas;2023-05-09T02:55:29;Expanded copy;5393;2023-05-08T21:50:45;74227;2023-05-09T05:53:37;Carol42@hotmail.com;true;false;program Dynamic;../fake-data/blob/hipster.txt;../fake-data/blob/hipster.txt
3;Elvera;Schmidt;Officer De-engineered;2023-05-09T03:28:27;Licensed Maryland bus;31888;2023-05-09T01:12:28;39774;2023-05-08T23:17:57;Abigale71@yahoo.com;false;true;Music;../fake-data/blob/hipster.txt;../fake-data/blob/hipster.txt
4;Susanna;Cremin;Intranet plug-and-play;2023-05-08T17:06:47;Carolina;1834;2023-05-08T19:18:22;54551;2023-05-08T11:45:15;Gilda.Collier@gmail.com;false;true;application;../fake-data/blob/hipster.txt;../fake-data/blob/hipster.txt
5;Eldora;Spinka;EXE International;2023-05-09T03:38:49;RSS;93128;2023-05-08T15:14:04;56545;2023-05-08T20:52:52;Karson22@yahoo.com;true;false;Auto Intuitive Account;../fake-data/blob/hipster.txt;../fake-data/blob/hipster.txt
6;Eric;Kub;Chair;2023-05-09T05:22:18;override;69505;2023-05-09T04:54:38;46257;2023-05-08T19:13:49;Elias_Simonis5@gmail.com;true;true;transmit composite Pants;../fake-data/blob/hipster.txt;../fake-data/blob/hipster.txt
7;Jerad;Ledner;payment;2023-05-08T14:57:42;Manager;7461;2023-05-08T21:12:30;51818;2023-05-09T08:27:56;Kelley83@yahoo.com;true;false;Borders Infrastructure Nebraska;../fake-data/blob/hipster.txt;../fake-data/blob/hipster.txt
8;Ethelyn;Braun;Kroon overriding;2023-05-08T18:16:44;Tasty Nevis Wooden;85654;2023-05-08T16:41:52;55948;2023-05-08T19:32:37;Oda_Baumbach@gmail.com;true;false;Account;../fake-data/blob/hipster.txt;../fake-data/blob/hipster.txt
9;Rod;O'Kon;integrated backing Rustic;2023-05-08T19:24:06;invoice;30624;2023-05-08T21:25:28;74428;2023-05-09T04:11:03;Veda.OReilly@gmail.com;true;true;withdrawal Euro users;../fake-data/blob/hipster.txt;../fake-data/blob/hipster.txt
10;Gunnar;Hickle;Oklahoma;2023-05-08T10:03:35;Shirt Turkey;3632;2023-05-08T15:34:01;82447;2023-05-09T07:36:11;Taya.Muller53@hotmail.com;false;false;Minnesota;../fake-data/blob/hipster.txt;../fake-data/blob/hipster.txt
